"email","firstname","lastname","localized_labels"
"j.dvnis@blanc.info","Julien","Dvnis","{}"
"romane.colin@gonzalez.bzh","Romane","Colin","{}"
"lou.dvnis@bonnet.org","Lou","Dvnis","{}"
"enzo@francois.com","Enzo","Francois","{}"
"mathilde.baron@dvnis.info","Mathilde","Baron","{}"
"maëlle.royer@nguyen.paris","Maëlle","Royer","{}"
"yanis@pons.com","Yanis","Pons","{}"
"m.perrin@morin.bzh","Mathéo","Perrin","{}"
"clémence.roy@faure.info","Clémence","Roy","{}"
"mélissa@chevalier.com","Mélissa","Chevalier","{}"
"pauline.guyot@rolland.eu","Pauline","Guyot","{}"
"evan@marchand.com","Evan","Marchand","{}"
"nicolas.sanchez@xn--gurin-csa.immo","Nicolas","Sanchez","{}"
"louis.rolland@picard.net","Louis","Rolland","{}"
"léa.roger@chevalier.bzh","Léa","Roger","{}"
"alexis.mathieu@colin.name","Alexis","Mathieu","{}"
"océane.da silva@fabre.immo","Océane","Da silva","{}"
"nicolas.lemoine@paul.paris","Nicolas","Lemoine","{}"
"c.andré@huet.alsace","Charlotte","André","{}"
"mael@dumas.com","Mael","Dumas","{}"
"maxime.benoit@gonzalez.fr","Maxime","Benoit","{}"
"alexandre.mercier@perrin.name","Alexandre","Mercier","{}"
"alice.vasseur@petit.eu","Alice","Vasseur","{}"
"camille@mathieu.com","Camille","Mathieu","{}"
"alexandre.barbier@roger.eu","Alexandre","Barbier","{}"
"tom.dumas@paul.org","Tom","Dumas","{}"
"lena.dupont@lambert.org","Lena","Dupont","{}"
"hugo.paris@gauthier.alsace","Hugo","Paris","{}"
"l.gauthier@perez.eu","Louis","Gauthier","{}"
"laura.garnier@girard.paris","Laura","Garnier","{}"
"zoe.rey@xn--rivire-6ua.eu","Zoe","Rey","{}"
"mathis.vidal@faure.name","Mathis","Vidal","{}"
"alicia.blanchard@dufour.immo","Alicia","Blanchard","{}"
"lou@paul.com","Lou","Paul","{}"
"baptiste.schmitt@jacquet.paris","Baptiste","Schmitt","{}"
"maëlys.garcia@martinez.bzh","Maëlys","Garcia","{}"
"adrien.schneider@colin.immo","Adrien","Schneider","{}"
"julien.laurent@xn--grard-bsa.immo","Julien","Laurent","{}"
"louise.brun@pons.alsace","Louise","Brun","{}"
"justine.roux@dupuis.fr","Justine","Roux","{}"
"alicia.guillaume@xn--nol-kma.alsace","Alicia","Guillaume","{}"
"alice.renault@bertrand.org","Alice","Renault","{}"
"mélissa.duval@barbier.name","Mélissa","Duval","{}"
"mathis.joly@xn--lopz-dpa.com","Mathis","Joly","{}"
"maeva.sanchez@fournier.bzh","Maeva","Sanchez","{}"
"enzo.marie@joly.bzh","Enzo","Marie","{}"
"léo@henry.com","Léo","Henry","{}"
"charlotte.rey@vincent.eu","Charlotte","Rey","{}"
"yanis.laurent@arnaud.eu","Yanis","Laurent","{}"
"tom.michel@robert.fr","Tom","Michel","{}"
"mélissa.leclerc@muller.alsace","Mélissa","Leclerc","{}"
"maëlys.lacroix@le roux.info","Maëlys","Lacroix","{}"
"louis@moreau.com","Louis","Moreau","{}"
"anaïs@méunier.org","Anaïs","Méunier","{}"
"marie.carre@marie.fr","Marie","Carre","{}"
"lisa.laine@henry.fr","Lisa","Laine","{}"
"pauline@picard.org","Pauline","Picard","{}"
"camille@bonnet.com","Camille","Bonnet","{}"
"thomas.hubert@cousin.info","Thomas","Hubert","{}"
"théo@mercier.com","Théo","Mercier","{}"
"manon@paris.com","Manon","Paris","{}"
"alicia.thomas@leclercq.immo","Alicia","Thomas","{}"
"benjamin.prévost@barre.bzh","Benjamin","Prévost","{}"
"manon.poirier@xn--lopz-dpa.org","Manon","Poirier","{}"
"thomas@henry.org","Thomas","Henry","{}"
"lina.mathieu@julien.immo","Lina","Mathieu","{}"
"romane.philippe@barre.paris","Romane","Philippe","{}"
"ethan@gauthier.org","Ethan","Gauthier","{}"
"juliette.mercier@martinez.info","Juliette","Mercier","{}"
"alicia.leclercq@fabre.alsace","Alicia","Leclercq","{}"
"lucas.perrot@lemoine.immo","Lucas","Perrot","{}"
"lola@garnier.com","Lola","Garnier","{}"
"charlotte@lemaire.com","Charlotte","Lemaire","{}"
"pauline@renault.com","Pauline","Renault","{}"
"lou.thomas@benoit.info","Lou","Thomas","{}"
"mathilde.gaillard@lambert.org","Mathilde","Gaillard","{}"
"laura.roger@meyer.org","Laura","Roger","{}"
"louise@renaud.com","Louise","Renaud","{}"
"pauline.lecomte@vasseur.paris","Pauline","Lecomte","{}"
"axel.laurent@arnaud.com","Axel","Laurent","{}"
"manon@royer.org","Manon","Royer","{}"
"tom@rousseau.com","Tom","Rousseau","{}"
"nicolas@vincent.org","Nicolas","Vincent","{}"
"noémie.dupuis@carre.net","Noémie","Dupuis","{}"
"eva.mercier@rodriguez.eu","Eva","Mercier","{}"
"lucas.marchand@vidal.paris","Lucas","Marchand","{}"
"nathan.girard@jean.immo","Nathan","Girard","{}"
"alicia.roger@sanchez.info","Alicia","Roger","{}"
"a.marty@bonnet.org","Adrien","Marty","{}"
"j.lacroix@xn--lopz-dpa.name","Jade","Lacroix","{}"
"benjamin.renault@gonzalez.net","Benjamin","Renault","{}"
"maxence.moulin@blanchard.net","Maxence","Moulin","{}"
"romain.lévêque@girard.eu","Romain","Lévêque","{}"
"adrien.rey@duval.info","Adrien","Rey","{}"
"alexandre.david@blanchard.info","Alexandre","David","{}"
"baptiste.roussel@muller.eu","Baptiste","Roussel","{}"
"chloé.fontaine@simon.eu","Chloé","Fontaine","{}"
"julien.sanchez@charles.fr","Julien","Sanchez","{}"
"eva@royer.com","Eva","Royer","{}"
"evan.lefèvre@dupuy.info","Evan","Lefèvre","{}"
"yanis.roger@martin.name","Yanis","Roger","{}"
"yanis@henry.com","Yanis","Henry","{}"
"tom@fabre.com","Tom","Fabre","{}"
"louna.david@barbier.net","Louna","David","{}"
"b.perrin@girard.org","Baptiste","Perrin","{}"
"lena.rodriguez@jacquet.immo","Lena","Rodriguez","{}"
"antoine@roy.com","Antoine","Roy","{}"
"mélissa.lévêque@fernandez.alsace","Mélissa","Lévêque","{}"
"p.julien@martin.paris","Pauline","Julien","{}"
"sacha@masson.com","Sacha","Masson","{}"
"v.brun@roux.immo","Victor","Brun","{}"
"lucas.perrot@legrand.alsace","Lucas","Perrot","{}"
"noa.francois@dvnis.alsace","Noa","Francois","{}"
"clémence@guillaume.com","Clémence","Guillaume","{}"
"enzo.brun@dumas.fr","Enzo","Brun","{}"
"axel.aubert@baron.org","Axel","Aubert","{}"
"noa.charpentier@olivier.eu","Noa","Charpentier","{}"
"maëlle.morin@charpentier.info","Maëlle","Morin","{}"
"benjamin@masson.com","Benjamin","Masson","{}"
"adam.michel@lecomte.bzh","Adam","Michel","{}"
"yanis.renault@dupont.org","Yanis","Renault","{}"
"ethan.chevalier@xn--andr-epa.eu","Ethan","Chevalier","{}"
"enzo.marie@xn--lefvre-5ua.name","Enzo","Marie","{}"
"raphaël.moreau@lemaire.immo","Raphaël","Moreau","{}"
"gabriel.paul@lucas.info","Gabriel","Paul","{}"
"charlotte.blanchard@richard.name","Charlotte","Blanchard","{}"
"thomas.dupuy@bonnet.info","Thomas","Dupuy","{}"
"jules@david.org","Jules","David","{}"
"célia.da silva@julien.alsace","Célia","Da silva","{}"
"léo.richard@roche.fr","Léo","Richard","{}"
"lucie.rousseau@meyer.name","Lucie","Rousseau","{}"
"louis.aubry@rodriguez.fr","Louis","Aubry","{}"
"charlotte@brun.com","Charlotte","Brun","{}"
"théo.nguyen@francois.org","Théo","Nguyen","{}"
"laura.fleury@maillard.fr","Laura","Fleury","{}"
"noémie.dvnis@jacquet.org","Noémie","Dvnis","{}"
"lisa@noël.com","Lisa","Noël","{}"
"yanis.fournier@dupuy.com","Yanis","Fournier","{}"
"n.dupont@xn--gurin-csa.fr","Noa","Dupont","{}"
"paul.roger@cousin.paris","Paul","Roger","{}"
"justine.adam@dupont.alsace","Justine","Adam","{}"
"chloé.leroy@lucas.bzh","Chloé","Leroy","{}"
"noah.laine@schmitt.eu","Noah","Laine","{}"
"jade.chevalier@brunet.paris","Jade","Chevalier","{}"
"adrien.lacroix@laurent.com","Adrien","Lacroix","{}"
"nathan.gaillard@xn--lefvre-5ua.fr","Nathan","Gaillard","{}"
"axel.vasseur@collet.com","Axel","Vasseur","{}"
"sarah@duval.com","Sarah","Duval","{}"
"adam.durand@xn--rivire-6ua.immo","Adam","Durand","{}"
"pierre.dumont@francois.alsace","Pierre","Dumont","{}"
"pauline.rodriguez@duval.eu","Pauline","Rodriguez","{}"
"lou@roche.org","Lou","Roche","{}"
"jade@leroux.org","Jade","Leroux","{}"
"lisa.vasseur@charpentier.fr","Lisa","Vasseur","{}"
"carla.masson@olivier.org","Carla","Masson","{}"
"m.philippe@olivier.paris","Maeva","Philippe","{}"
"lilou@marchal.com","Lilou","Marchal","{}"
"noah.charpentier@renaud.immo","Noah","Charpentier","{}"
"jules.arnaud@chevalier.bzh","Jules","Arnaud","{}"
"léo.thomas@xn--clment-cva.org","Léo","Thomas","{}"
"alicia@mercier.org","Alicia","Mercier","{}"
"l.gautier@thomas.paris","Lucie","Gautier","{}"
"sarah.le roux@leclercq.alsace","Sarah","Le roux","{}"
"ambre.roussel@brun.com","Ambre","Roussel","{}"
"n.rolland@garnier.paris","Nathan","Rolland","{}"
"maxence.masson@benoit.bzh","Maxence","Masson","{}"
"valentin.girard@blanc.fr","Valentin","Girard","{}"
"arthur.muller@bernard.eu","Arthur","Muller","{}"
"nicolas.aubert@louis.name","Nicolas","Aubert","{}"
"rayan.colin@xn--nol-kma.paris","Rayan","Colin","{}"
"charlotte.benoit@lemaire.bzh","Charlotte","Benoit","{}"
"mattéo@robin.org","Mattéo","Robin","{}"
"julien.cousin@maillard.immo","Julien","Cousin","{}"
"anaïs@perrin.com","Anaïs","Perrin","{}"
"mael.dumont@paul.bzh","Mael","Dumont","{}"
"louise.guillot@roy.fr","Louise","Guillot","{}"
"louna.pons@boyer.info","Louna","Pons","{}"
"victor.dupuis@guyot.name","Victor","Dupuis","{}"
"noa.roche@barre.name","Noa","Roche","{}"
"pauline.renard@fournier.name","Pauline","Renard","{}"
"marie.dubois@duval.paris","Marie","Dubois","{}"
"maëlys.lecomte@royer.bzh","Maëlys","Lecomte","{}"
"pierre.barbier@thomas.immo","Pierre","Barbier","{}"
"m.dufour@caron.paris","Mathilde","Dufour","{}"
"lena.dvnis@hubert.com","Lena","Dvnis","{}"
"lucie.renard@caron.name","Lucie","Renard","{}"
"adam.colin@collet.net","Adam","Colin","{}"
"enzo@petit.com","Enzo","Petit","{}"
"romain.fabre@paris.info","Romain","Fabre","{}"
"marie.gérard@adam.name","Marie","Gérard","{}"
"paul.lopéz@picard.org","Paul","Lopéz","{}"
"arthur.bernard@marchand.eu","Arthur","Bernard","{}"
"mattéo.rolland@richard.info","Mattéo","Rolland","{}"
"emilie@boyer.com","Emilie","Boyer","{}"
"elisa.philippe@jean.immo","Elisa","Philippe","{}"
"hugo.mercier@moulin.eu","Hugo","Mercier","{}"
"nathan.leroux@perrot.name","Nathan","Leroux","{}"
"antoine.noël@xn--lvque-bsai.com","Antoine","Noël","{}"
"b.olivier@simon.eu","Baptiste","Olivier","{}"
"lina.nguyen@rolland.immo","Lina","Nguyen","{}"
"raphaël.fabre@simon.net","Raphaël","Fabre","{}"
"clément.schneider@guillot.paris","Clément","Schneider","{}"
"q.benoit@perrin.fr","Quentin","Benoit","{}"
"jules@moulin.com","Jules","Moulin","{}"
"mael.renard@moulin.info","Mael","Renard","{}"
"jules.brunet@brunet.info","Jules","Brunet","{}"
"enzo.olivier@mercier.net","Enzo","Olivier","{}"
"mathis@moulin.com","Mathis","Moulin","{}"
"pauline.renault@le gall.info","Pauline","Renault","{}"
"alexandre.boyer@nicolas.org","Alexandre","Boyer","{}"
"alice.marchand@mercier.org","Alice","Marchand","{}"
"ethan.morel@thomas.net","Ethan","Morel","{}"
"justine.leclercq@roux.fr","Justine","Leclercq","{}"
"jade.robin@roger.net","Jade","Robin","{}"
"raphaël.olivier@meyer.net","Raphaël","Olivier","{}"
"nicolas.joly@lambert.net","Nicolas","Joly","{}"
"carla.lemaire@roux.org","Carla","Lemaire","{}"
"léo@rey.com","Léo","Rey","{}"
"pauline.rey@paul.info","Pauline","Rey","{}"
"romane.lefèvre@lacroix.eu","Romane","Lefèvre","{}"
"l.garnier@adam.name","Lilou","Garnier","{}"
"ines.richard@dupuis.net","Ines","Richard","{}"
"noah@faure.org","Noah","Faure","{}"
"n.joly@gautier.bzh","Noémie","Joly","{}"
"anaïs.laine@rousseau.alsace","Anaïs","Laine","{}"
"zoe@bertrand.com","Zoe","Bertrand","{}"
"arthur.robin@xn--lvque-bsai.name","Arthur","Robin","{}"
"carla.boyer@dumas.fr","Carla","Boyer","{}"
"maeva.dubois@bourgeois.name","Maeva","Dubois","{}"
"mael@dupuy.com","Mael","Dupuy","{}"
"julie.nguyen@blanchard.paris","Julie","Nguyen","{}"
"eva.roussel@dupont.eu","Eva","Roussel","{}"
"sarah.ménard@olivier.eu","Sarah","Ménard","{}"
"nicolas@nicolas.org","Nicolas","Nicolas","{}"
"pauline.bertrand@chevalier.bzh","Pauline","Bertrand","{}"
"gabriel@picard.com","Gabriel","Picard","{}"
"eva.rivière@vidal.bzh","Eva","Rivière","{}"
"célia.lévêque@xn--grard-bsa.alsace","Célia","Lévêque","{}"
"charlotte.cousin@pons.alsace","Charlotte","Cousin","{}"
"lola.laurent@hubert.bzh","Lola","Laurent","{}"
"alexis.lucas@giraud.org","Alexis","Lucas","{}"
"manon@carpentier.com","Manon","Carpentier","{}"
"paul.renaud@marchal.net","Paul","Renaud","{}"
"théo@blanchard.com","Théo","Blanchard","{}"
"m.dumont@deschamps.com","Marie","Dumont","{}"
"m.laurent@marchal.fr","Maëlys","Laurent","{}"
"anaïs.huet@adam.immo","Anaïs","Huet","{}"
"hugo.garcia@mathieu.net","Hugo","Garcia","{}"
"jade.le roux@arnaud.info","Jade","Le roux","{}"
"manon@hubert.com","Manon","Hubert","{}"
"ines.roche@gautier.org","Ines","Roche","{}"
"eva.laine@barre.alsace","Eva","Laine","{}"
"léo.giraud@arnaud.eu","Léo","Giraud","{}"
"sarah.laurent@xn--lvque-bsai.bzh","Sarah","Laurent","{}"
"a.arnaud@xn--lefvre-5ua.alsace","Alice","Arnaud","{}"
"clément.duval@duval.info","Clément","Duval","{}"
"ethan.perez@fernandez.alsace","Ethan","Perez","{}"
"jules.lucas@rodriguez.name","Jules","Lucas","{}"
"thomas@caron.org","Thomas","Caron","{}"
"ines.benoit@durand.bzh","Ines","Benoit","{}"
"hugo@roche.org","Hugo","Roche","{}"
"a.duval@marchand.bzh","Axel","Duval","{}"
"paul.julien@marchand.org","Paul","Julien","{}"
"mohamed.blanc@boyer.info","Mohamed","Blanc","{}"
"sacha.morel@perez.immo","Sacha","Morel","{}"
"anaïs@lemoine.org","Anaïs","Lemoine","{}"
"emilie.moreau@lemaire.com","Emilie","Moreau","{}"
"lucas.bonnet@breton.alsace","Lucas","Bonnet","{}"
"victor.renard@schmitt.net","Victor","Renard","{}"
"elisa.gaillard@dupont.org","Elisa","Gaillard","{}"
"y.robert@robert.bzh","Yanis","Robert","{}"
"lucie@huet.com","Lucie","Huet","{}"
"charlotte.boyer@moreau.immo","Charlotte","Boyer","{}"
"clara.masson@deschamps.name","Clara","Masson","{}"
"romane.robin@philippe.net","Romane","Robin","{}"
"lina.rémy@jean.paris","Lina","Rémy","{}"
"a.boyer@xn--lvque-bsai.com","Antoine","Boyer","{}"
"jeanne.julien@roux.paris","Jeanne","Julien","{}"
"lisa.perrin@aubert.eu","Lisa","Perrin","{}"
"anaïs@prévost.com","Anaïs","Prévost","{}"
"benjamin@schmitt.com","Benjamin","Schmitt","{}"
"arthur.aubry@thomas.fr","Arthur","Aubry","{}"
"evan.dumas@richard.eu","Evan","Dumas","{}"
"maxence.simon@xn--mnard-bsa.name","Maxence","Simon","{}"
"nicolas.michel@duval.paris","Nicolas","Michel","{}"
"mael.giraud@dumont.org","Mael","Giraud","{}"
"mattéo.maillard@moulin.net","Mattéo","Maillard","{}"
"yanis.paul@blanchard.eu","Yanis","Paul","{}"
"eva.marty@morin.com","Eva","Marty","{}"
"nicolas.fernandez@roussel.paris","Nicolas","Fernandez","{}"
"alexandre.bourgeois@girard.name","Alexandre","Bourgeois","{}"
"lilou.david@picard.name","Lilou","David","{}"
"manon.gauthier@leroy.com","Manon","Gauthier","{}"
"mathis.david@masson.alsace","Mathis","David","{}"
"arthur.blanc@moreau.eu","Arthur","Blanc","{}"
"sacha.julien@meyer.eu","Sacha","Julien","{}"
"quentin.perrot@cousin.fr","Quentin","Perrot","{}"
"adam@deschamps.com","Adam","Deschamps","{}"
"m.prévost@vincent.immo","Mathis","Prévost","{}"
"lou.vasseur@mercier.fr","Lou","Vasseur","{}"
"célia.blanc@brun.net","Célia","Blanc","{}"
"zoe.lopéz@chevalier.info","Zoe","Lopéz","{}"
"sacha.benoit@huet.com","Sacha","Benoit","{}"
"julie.picard@gaillard.info","Julie","Picard","{}"
"adam.guyot@baron.info","Adam","Guyot","{}"
"lou.aubry@blanc.immo","Lou","Aubry","{}"
"l.schneider@perez.info","Lucas","Schneider","{}"
"sacha.schmitt@richard.eu","Sacha","Schmitt","{}"
"mathilde.berger@hubert.name","Mathilde","Berger","{}"
"camille.blanc@leclercq.fr","Camille","Blanc","{}"
"lena.duval@petit.fr","Lena","Duval","{}"
"s.legrand@dupuis.eu","Sacha","Legrand","{}"
"mathilde.schneider@girard.name","Mathilde","Schneider","{}"
"sacha.lacroix@fontaine.paris","Sacha","Lacroix","{}"
"léo.moulin@aubry.paris","Léo","Moulin","{}"
"jade.laurent@muller.bzh","Jade","Laurent","{}"
"alice.garnier@xn--mnard-bsa.alsace","Alice","Garnier","{}"
"gabriel.schneider@dubois.net","Gabriel","Schneider","{}"
"axel.gautier@colin.immo","Axel","Gautier","{}"
"léa.lecomte@berger.immo","Léa","Lecomte","{}"
"ambre.carpentier@carre.alsace","Ambre","Carpentier","{}"
"mattéo.aubry@guillaume.fr","Mattéo","Aubry","{}"
"axel.richard@masson.name","Axel","Richard","{}"
"arthur@clément.org","Arthur","Clément","{}"
"thomas.pons@picard.bzh","Thomas","Pons","{}"
"maëlys.dumas@dvnis.alsace","Maëlys","Dumas","{}"
"victor.sanchez@brun.alsace","Victor","Sanchez","{}"
"jade.le roux@xn--nol-kma.bzh","Jade","Le roux","{}"
"lola.vasseur@lemaire.alsace","Lola","Vasseur","{}"
"justine.vidal@mercier.paris","Justine","Vidal","{}"
"emilie.dumont@morin.eu","Emilie","Dumont","{}"
"b.fleury@xn--mnard-bsa.info","Benjamin","Fleury","{}"
"victor.barre@martinez.immo","Victor","Barre","{}"
"océane.collet@picard.org","Océane","Collet","{}"
"lucie.le gall@faure.immo","Lucie","Le gall","{}"
"ines.hubert@xn--munier-bva.eu","Ines","Hubert","{}"
"v.masson@xn--mnard-bsa.fr","Valentin","Masson","{}"
"alexandre.fernandez@dufour.fr","Alexandre","Fernandez","{}"
"ambre@blanchard.org","Ambre","Blanchard","{}"
"noa@masson.com","Noa","Masson","{}"
"lucie@gaillard.com","Lucie","Gaillard","{}"
"marie.chevalier@guillaume.immo","Marie","Chevalier","{}"
"victor.aubert@perrin.info","Victor","Aubert","{}"
"victor.mercier@dupont.bzh","Victor","Mercier","{}"
"laura.méunier@giraud.org","Laura","Méunier","{}"
"louis.caron@masson.net","Louis","Caron","{}"
"elisa.rey@marchal.org","Elisa","Rey","{}"
"axel@joly.com","Axel","Joly","{}"
"baptiste.nguyen@julien.alsace","Baptiste","Nguyen","{}"
"sarah@bertrand.org","Sarah","Bertrand","{}"
"lola@da silva.com","Lola","Da silva","{}"
"lisa@méunier.com","Lisa","Méunier","{}"
"clément.bonnet@philippe.paris","Clément","Bonnet","{}"
"mathilde.masson@thomas.eu","Mathilde","Masson","{}"
"zoe.lemaire@olivier.com","Zoe","Lemaire","{}"
"arthur@gérard.com","Arthur","Gérard","{}"
"lilou.louis@leclerc.com","Lilou","Louis","{}"
"arthur.leclercq@collet.paris","Arthur","Leclercq","{}"
"lisa.moulin@paris.info","Lisa","Moulin","{}"
"e.guérin@xn--nol-kma.paris","Ethan","Guérin","{}"
"gabriel.nicolas@garcia.eu","Gabriel","Nicolas","{}"
"maxence@vincent.org","Maxence","Vincent","{}"
"léa.schneider@pons.com","Léa","Schneider","{}"
"mattéo@rémy.com","Mattéo","Rémy","{}"
"louise.pons@collet.eu","Louise","Pons","{}"
"adam@olivier.org","Adam","Olivier","{}"
"thomas.schneider@xn--andr-epa.eu","Thomas","Schneider","{}"
"elisa.dupuy@dupont.paris","Elisa","Dupuy","{}"
"mathis@roux.com","Mathis","Roux","{}"
"lucas@lefèvre.com","Lucas","Lefèvre","{}"
"gabriel.fernandez@xn--lefvre-5ua.immo","Gabriel","Fernandez","{}"
"léa.huet@rodriguez.net","Léa","Huet","{}"
"célia.bernard@xn--gurin-csa.eu","Célia","Bernard","{}"
"noah.garnier@thomas.alsace","Noah","Garnier","{}"
"camille@roy.com","Camille","Roy","{}"
"yanis@hubert.com","Yanis","Hubert","{}"
"mattéo.aubry@lecomte.info","Mattéo","Aubry","{}"
"hugo.clément@leroy.info","Hugo","Clément","{}"
"ambre.laurent@nguyen.name","Ambre","Laurent","{}"
"louis@dumont.com","Louis","Dumont","{}"
"rayan.dupuis@huet.name","Rayan","Dupuis","{}"
"quentin.roussel@morin.name","Quentin","Roussel","{}"
"lou.boyer@henry.bzh","Lou","Boyer","{}"
"ethan.martin@xn--gurin-csa.name","Ethan","Martin","{}"
"clémence.julien@jean.alsace","Clémence","Julien","{}"
"marie.rousseau@duval.paris","Marie","Rousseau","{}"
"mohamed@david.com","Mohamed","David","{}"
"o.garnier@dufour.org","Océane","Garnier","{}"
"mathilde.mathieu@da silva.com","Mathilde","Mathieu","{}"
"lucas.guillot@martinez.paris","Lucas","Guillot","{}"
"maxence@morin.com","Maxence","Morin","{}"
"alexis.leclerc@benoit.org","Alexis","Leclerc","{}"
"léa.lucas@meyer.info","Léa","Lucas","{}"
"quentin.durand@xn--prvost-cva.fr","Quentin","Durand","{}"
"s.brunet@brunet.name","Sacha","Brunet","{}"
"lilou.aubry@sanchez.alsace","Lilou","Aubry","{}"
"sacha.dufour@brunet.immo","Sacha","Dufour","{}"
"ethan@gauthier.com","Ethan","Gauthier","{}"
"noah.jacquet@xn--rmy-bma.eu","Noah","Jacquet","{}"
"e.barre@henry.org","Evan","Barre","{}"
"mathéo.lemaire@julien.fr","Mathéo","Lemaire","{}"
"adrien.leroux@da silva.name","Adrien","Leroux","{}"
"lola.blanchard@masson.com","Lola","Blanchard","{}"
"noa.charpentier@marchal.org","Noa","Charpentier","{}"
"julien.marie@rousseau.alsace","Julien","Marie","{}"
"louna.guérin@bernard.net","Louna","Guérin","{}"
"charlotte.robin@xn--lvque-bsai.com","Charlotte","Robin","{}"
"pierre.richard@lacroix.bzh","Pierre","Richard","{}"
"eva@marchal.com","Eva","Marchal","{}"
"julien.rémy@roche.name","Julien","Rémy","{}"
"yanis.marchal@baron.immo","Yanis","Marchal","{}"
"lucie.benoit@renard.eu","Lucie","Benoit","{}"
"m.adam@roy.com","Mathéo","Adam","{}"
"evan.duval@leclerc.immo","Evan","Duval","{}"
"alexandre.renaud@charles.com","Alexandre","Renaud","{}"
"lola.petit@cousin.org","Lola","Petit","{}"
"clara.charles@moreau.fr","Clara","Charles","{}"
"alexandre.giraud@marchand.name","Alexandre","Giraud","{}"
"lucas.lecomte@sanchez.bzh","Lucas","Lecomte","{}"
"gabriel@roger.com","Gabriel","Roger","{}"
"sacha.fernandez@perrot.org","Sacha","Fernandez","{}"
"n.roche@perez.paris","Nathan","Roche","{}"
"tom.masson@gauthier.alsace","Tom","Masson","{}"
"benjamin@marie.com","Benjamin","Marie","{}"
"juliette@rey.org","Juliette","Rey","{}"
"sarah.gonzalez@roux.immo","Sarah","Gonzalez","{}"
"noah.dufour@michel.info","Noah","Dufour","{}"
"lucas.clément@caron.name","Lucas","Clément","{}"
"lucie.lambert@dupont.name","Lucie","Lambert","{}"
"sacha.guillot@bernard.bzh","Sacha","Guillot","{}"
"l.paris@perez.paris","Lena","Paris","{}"
"tom@renaud.org","Tom","Renaud","{}"
"evan.muller@giraud.eu","Evan","Muller","{}"
"clément.leroy@berger.bzh","Clément","Leroy","{}"
"v.bernard@dumont.com","Valentin","Bernard","{}"
"julien@robert.com","Julien","Robert","{}"
"c.carpentier@breton.immo","Carla","Carpentier","{}"
"maeva.girard@lecomte.com","Maeva","Girard","{}"
"m.dufour@arnaud.eu","Manon","Dufour","{}"
"maeva.gautier@chevalier.com","Maeva","Gautier","{}"
"lina@le gall.org","Lina","Le gall","{}"
"jules.fabre@guillot.info","Jules","Fabre","{}"
"baptiste.bernard@dupuy.net","Baptiste","Bernard","{}"
"lisa.berger@paul.immo","Lisa","Berger","{}"
"thomas@robin.com","Thomas","Robin","{}"
"nathan@rousseau.org","Nathan","Rousseau","{}"
"julien.dumas@picard.paris","Julien","Dumas","{}"
"alice.bernard@adam.immo","Alice","Bernard","{}"
"léa.dupuis@adam.fr","Léa","Dupuis","{}"
"lucas.hubert@rey.com","Lucas","Hubert","{}"
"emilie.poirier@martinez.bzh","Emilie","Poirier","{}"
"mattéo.poirier@muller.net","Mattéo","Poirier","{}"
"benjamin.joly@duval.org","Benjamin","Joly","{}"
"carla.renault@gonzalez.fr","Carla","Renault","{}"
"lucie.robert@dvnis.org","Lucie","Robert","{}"
"antoine.breton@vincent.com","Antoine","Breton","{}"
"m.le gall@sanchez.bzh","Mélissa","Le gall","{}"
"enzo.leclerc@bernard.org","Enzo","Leclerc","{}"
"victor.leclerc@moulin.info","Victor","Leclerc","{}"
"m.collet@giraud.org","Mattéo","Collet","{}"
"jules.pierre@pons.org","Jules","Pierre","{}"
"c.ménard@lacroix.net","Clara","Ménard","{}"
"adrien@gautier.com","Adrien","Gautier","{}"
"a.royer@arnaud.com","Adam","Royer","{}"
"julie@joly.com","Julie","Joly","{}"
"nathan.fabre@renault.info","Nathan","Fabre","{}"
"jules.colin@arnaud.name","Jules","Colin","{}"
"noah.picard@leroux.alsace","Noah","Picard","{}"
"romain.dufour@dumont.name","Romain","Dufour","{}"
"charlotte.vincent@olivier.immo","Charlotte","Vincent","{}"
"c.carre@leroy.com","Camille","Carre","{}"
"a.mathieu@xn--prvost-cva.net","Alexandre","Mathieu","{}"
"célia.gonzalez@lemoine.name","Célia","Gonzalez","{}"
"r.legrand@charles.eu","Romane","Legrand","{}"
"maxence.bernard@moulin.net","Maxence","Bernard","{}"
"mohamed.girard@moreau.paris","Mohamed","Girard","{}"
"camille.marchand@da silva.eu","Camille","Marchand","{}"
"romain.colin@faure.alsace","Romain","Colin","{}"
"zoe.renaud@blanc.net","Zoe","Renaud","{}"
"julie@francois.com","Julie","Francois","{}"
"théo.lévêque@lemoine.fr","Théo","Lévêque","{}"
"célia.giraud@carpentier.net","Célia","Giraud","{}"
"ambre@dufour.com","Ambre","Dufour","{}"
"gabriel.lemaire@paul.eu","Gabriel","Lemaire","{}"
"théo.laurent@sanchez.paris","Théo","Laurent","{}"
"carla@vasseur.com","Carla","Vasseur","{}"
"chloé.laine@cousin.bzh","Chloé","Laine","{}"
"c.arnaud@charpentier.fr","Carla","Arnaud","{}"
"quentin@aubert.org","Quentin","Aubert","{}"
"thomas.richard@berger.bzh","Thomas","Richard","{}"
"marie@le roux.com","Marie","Le roux","{}"
"léa.lucas@collet.eu","Léa","Lucas","{}"
"tom@rémy.com","Tom","Rémy","{}"
"julien@laine.com","Julien","Laine","{}"
"sacha.philippe@lucas.com","Sacha","Philippe","{}"
"charlotte.moulin@marie.paris","Charlotte","Moulin","{}"
"i.cousin@bonnet.org","Ines","Cousin","{}"
"thomas.roussel@perrin.immo","Thomas","Roussel","{}"
"justine.muller@boyer.net","Justine","Muller","{}"
"marie@dumas.com","Marie","Dumas","{}"
